Société,Contact,Email,Téléphone,Ville
Dupont SARL,Jean Dupont,contact@dupont-sarl.fr,01 42 00 00 01,Paris
dupont sarl,J. Dupont,CONTACT@DUPONT-SARL.FR,0142000001,paris
 Dupont  SARL ,Jean Dupont,contact@dupont-sarl.fr,01-42-00-00-01,Paris
Boulangerie Lefèvre,Marie Lefèvre,marie@boulangerie-lefevre.fr,04 78 00 00 02,Lyon
BOULANGERIE LEFEVRE,Marie Lefevre,marie@boulangerie-lefevre.fr,0478000002,Lyon
Menuiserie Hébert,Paul Hébert,p.hebert@menuiserie-hebert.fr,02 40 00 00 03,Nantes
Négoce Garnier,Luc Garnier,luc@negoce-garnier.fr,04 76 00 00 04,Grenoble
negoce garnier,Luc Garnier,luc@negoce-garnier.fr,04 76 00 00 04,Grenoble
Élec Services,Anne Roux,anne.roux@elec-services.fr,05 56 00 00 05,Bordeaux
Elec Services,Anne Roux,anne.roux@elec-services.fr,0556000005,Bordeaux
