Nom, Email ,Telephone,Date inscription,Ville
Thomas Martin ,THOMAS.MARTIN@FREE.FR,06 12 34 56 78,32/01/2024,Nantes
 Lucas Petit,lucas.petit@orange.fr,06-55-44-33-22,01-02-24,
 Nathan Martin,nathan@,+33 6 45 67 89 01,32/01/2024,Nice
Sophie Moreau ,sophie.moreau@outlook.fr,123,15/02/2024,Rennes
  Hugo Fontaine  ,hugo.fontaine@orange.fr,0611223344,15/02/2024,Toulouse
Léa Garcia ,léa.garcia[at]gmail.com,06 78,01-02-24,Lille
Paul  Roux,PAUL.ROUX@GMAIL.COM,06-55-44-33-22,03/11/2023,Paris
  Sophie Dupont  ,sophie.dupont@outlook.fr,06 12 34 56 78,2024-03-15,Toulouse
Inès  Dupont,inès.dupont@orange.fr,123,05/13/2024,Lille
Jean Martin,JEAN.MARTIN@ORANGE.FR,06 12 34 56 78,03/11/2023,Bordeaux
 Paul Simon,paul.simon@gmail.com,+33 6 45 67 89 01,32/01/2024,Bordeaux
 Julie Lefevre,JULIE.LEFEVRE@GMAIL.COM,07.98.76.54.32,03/11/2023,Nantes
 Louis Robert,louis.robert@gmail.com,0611223344,03/11/2023,Rennes
Camille  Laurent,camille.laurent@free.fr,07.98.76.54.32,05/13/2024,Nice
Inès  Dupont,inès.dupont@orange.fr,123,05/13/2024,Lille
Sophie Moreau ,sophie.moreau@outlook.fr,123,15/02/2024,Rennes
Léa Martin ,léa.martin@gmail.com,07.98.76.54.32,05/13/2024,Toulouse
  Paul Lefevre  ,PAUL.LEFEVRE@GMAIL.COM,07.98.76.54.32,2024-03-15,Rennes
 Inès Durand,inès.durand@outlook.fr,06-55-44-33-22,03/11/2023,Rennes
  Sophie Martin  ,sophie.martin@outlook.fr,+33 6 45 67 89 01,03/11/2023,Paris
  Sophie Laurent  ,sophie.laurent@gmail.com,06 78,32/01/2024,
Camille Moreau ,camille@,06 12 34 56 78,12/03/2024,Lille
Paul Robert,PAUL.ROBERT@GMAIL.COM,07.98.76.54.32,03/11/2023,Lille
 Paul Fontaine,paul.fontaine@outlook.fr,07.98.76.54.32,05/13/2024,Marseille
Jean Lefevre ,JEAN.LEFEVRE@FREE.FR,0611223344,03/11/2023,Nantes
Manon Simon,manon.simon@gmail.com,06-55-44-33-22,03/11/2023,Nantes
Paul Robert,PAUL.ROBERT@GMAIL.COM,07.98.76.54.32,03/11/2023,Lille
 Manon Robert,manon.robert@orange.fr,06-55-44-33-22,2024-03-15,Nantes
 Léa Dupont,LÉA.DUPONT@GMAIL.COM,+33 6 45 67 89 01,03/11/2023,Lyon
Paul Robert,PAUL.ROBERT@GMAIL.COM,07.98.76.54.32,03/11/2023,Lille
Emma Moreau ,emma.moreau@orange.fr,123,32/01/2024,Lyon
  Théo Lefevre  ,théo.lefevre@orange.fr,06 78,15/02/2024,Toulouse
  Inès Martin  ,inès.martin@free.fr,+33 6 45 67 89 01,05/13/2024,Nantes
 Julie Lefevre,JULIE.LEFEVRE@GMAIL.COM,07.98.76.54.32,03/11/2023,Nantes
Sophie Dupont ,sophie.dupont@mail,06 12 34 56 78,32/01/2024,Rennes
Louis  Simon,louis.simon@free.fr,06-55-44-33-22,03/11/2023,Toulouse
 Inès Garcia,INÈS.GARCIA@ORANGE.FR,+33 6 45 67 89 01,01-02-24,Rennes
Léa  Roux,léa.roux@outlook.fr,06 12 34 56 78,03/11/2023,Marseille
Chloé Girard ,chloé.girard@free.fr,+33 6 45 67 89 01,12/03/2024,Toulouse
 Lucas Petit,lucas.petit@orange.fr,06-55-44-33-22,01-02-24,
