Prenom,Nom,Email pro,Portable,Entreprise
paul,Garcia,P.GARCIA@GLOBEX.FR,,  Umbrella
théo,Petit,théo@,07 11 22 33 44,Stark  Ind
sophie,Blanc,S.BLANC@ACME.COM,,
jean,Lefevre,J.LEFEVRE@GLOBEX.FR,+33612345678, Hooli
Théo,DUPONT,t.dupont@acme.com,+33612345678,
inès,Roux,I.ROUX@ACME.COM,06,  Soylent
Manon,Roux,m.roux@initech.io,+33 6 12 34 56 78,Stark Ind
manon,Robert,M.ROBERT@GLOBEX.FR,,  Wayne Ent
Léa,Bernard,l.bernard@acme.com,+33 6 12 34 56 78,  Stark Ind
antoine,Blanc,A.BLANC@ACME.COM,,
jean,Martin,J.MARTIN@GLOBEX.FR,,Umbrella
Jean,FONTAINE,j.fontaine@acme.com,0798765432,  Stark Ind
Sarah,Martin,s.martin@initech.io,+33 6 12 34 56 78, Initech
Sophie,Roux,s.roux@initech.io,+33612345678,Soylent
Jean,ROUX,j.roux@acme.com,+33612345678,Umbrella
jean,Martin,J.MARTIN@GLOBEX.FR,,Umbrella
Théo,Petit,t.petit@acme.com,+33 6 12 34 56 78,  Soylent
emma,Petit,emma@,06,ACME
Nathan,LEFEVRE,n.lefevre@initech.io,+33612345678,  Wayne Ent
Marie,PETIT,m.petit@globex.fr,+33 6 12 34 56 78,  Globex
emma,Durand,E.DURAND@GLOBEX.FR,06,
Inès,PETIT,i.petit@acme.com,06,Umbrella
Théo,Moreau,t.moreau@initech.io,06,Stark  Ind
Manon,Petit,m.petit@acme.com,,Wayne Ent
nathan,Moreau,N.MOREAU@INITECH.IO,,Soylent
Inès,PETIT,i.petit@acme.com,06,Umbrella
Thomas,MOREAU,t.moreau@globex.fr,06, Soylent
Manon,Petit,m.petit@acme.com,,Wayne Ent
Marie,BERNARD,m.bernard@initech.io,,  Soylent
Léa,Robert,l.robert@initech.io,,Stark Ind
emma,Petit,emma@,06,ACME
Inès,Robert,i.robert@initech.io,+33612345678,  Wayne Ent
Chloé,Simon,c.simon@globex.fr,06,ACME
sophie,Fontaine,S.FONTAINE@ACME.COM,06,Initech
sophie,Robert,S.ROBERT@ACME.COM,06, Globex
inès,Petit,inès[at]mail.com,07 11 22 33 44,ACME
nathan,Moreau,N.MOREAU@INITECH.IO,,Soylent
