Reference;Nom Produit;Prix;Stock;Date ajout
REF104;Clavier  mécanique;85,99;-3;15/02/2024
ref063;  Tapis de souris  ;194,90;25;03/01/2024
REF078;  Disque SSD 1To  ;invalide;;01-12-23
ref028;Câble USB-C ;invalide;26;01-12-23
REF045;Câble  USB-C;invalide;37;03/01/2024
REF096;Station  d'accueil;;13;01-12-23
REF006; Casque audio;70.16;-3;32/13/2024
REF040; Hub USB;177.24;21;15/02/2024
REF077;Micro USB ;invalide;2;03/01/2024
REF116;  Webcam HD  ;invalide;26;
REF067; Chargeur 65W;;39;
REF037;Micro USB ;;5;15/02/2024
REF037;Tapis de souris ;invalide;-3;
REF047;Support écran;100,90;49;01-12-23
REF037;Micro USB ;;5;15/02/2024
REF075;Tapis de souris ;70.33;;32/13/2024
REF084;Ventilateur PC;54.89;-3;03/01/2024
REF098;  Webcam HD  ;73,99;22;
ref034;Tapis de souris;81.20;;01-12-23
REF041;Ventilateur PC;11,00;-3;01-12-23
REF083;  Hub USB  ;;;15/02/2024
REF041;Ventilateur PC;11,00;-3;01-12-23
REF104;Clavier  mécanique;85,99;-3;15/02/2024
REF111; Webcam HD;invalide;17;
REF049;Tapis de souris ;invalide;;32/13/2024
REF045;Câble  USB-C;invalide;37;03/01/2024
ref059;Disque  SSD 1To;122.78;-3;
REF040; Hub USB;177.24;21;15/02/2024
ref096; Ventilateur PC;invalide;21;
REF087;Câble USB-C;154,90;5;
REF085;Tapis de souris;invalide;-3;32/13/2024
ref006; Support écran;50.94;45;01-12-23
REF079;  Souris sans fil  ;192.89;-3;2024-01-05
REF111;Casque audio ;106.04;12;15/02/2024
ref002; Ventilateur PC;invalide;27;15/02/2024
